feature_set,target,task,model,cv_scheme,feature_type,n_components,train_pearson_r_mean,train_pearson_r_std,train_mse_mean,train_mse_std,test_pearson_r_mean,test_pearson_r_std,test_mse_mean,test_mse_std,train_f1_mean,train_f1_std,train_accuracy_mean,train_accuracy_std,test_f1_mean,test_f1_std,test_accuracy_mean,test_accuracy_std
pca_10,arousal,classification,logistic_regression,group_kfold,pca,10.0,0.36194154332830714,0.008232899722306364,,,0.3720045770155921,0.12260786235194192,,,0.6735602182509581,0.0041428260863778195,0.6748360110798763,0.004158870854424227,0.6724690632129028,0.060453069578564465,0.6568052688839221,0.07194462389165349
pca_10,arousal,classification,logistic_regression,kfold,pca,10.0,0.3615521878811989,0.0019235654856390887,,,0.3594843256179352,0.030224203986802985,,,0.6729907097732135,0.001134483019768601,0.6741565550101999,0.001114748176975097,0.6718423293348961,0.016091651456427762,0.6730458186884519,0.01598472448025381
pca_10,arousal,classification,mlp_classifier,group_kfold,pca,10.0,0.8114283755656987,0.02079651890563121,,,0.25751831682302306,0.09397068757642602,,,0.8822441145784055,0.013294917836996207,0.8823261112579276,0.013246524731271723,0.6345420232739047,0.052606364816662705,0.6193474269982615,0.05037434288142257
pca_10,arousal,classification,mlp_classifier,kfold,pca,10.0,0.8142851334060281,0.01320097762884765,,,0.39767613289592324,0.035684005955354293,,,0.8834272277036684,0.008447936192146994,0.8834965727132139,0.008431341160467423,0.6760113730685314,0.018819975510152888,0.6764151441267429,0.018796288609279656
pca_10,valence,classification,logistic_regression,group_kfold,pca,10.0,0.16277598937826898,0.0065891246501028145,,,0.15012820510933333,0.12065810110739807,,,0.5723234091080409,0.005143122401678442,0.5751342921213253,0.004461715759283451,0.5630683021622568,0.061587908131147416,0.5403328854303007,0.07442360806725011
pca_10,valence,classification,logistic_regression,kfold,pca,10.0,0.16246347055470473,0.0018738131186980037,,,0.15821054004358476,0.031780913853740406,,,0.5748214262879252,0.0013926279788945108,0.5758502004674683,0.0013431873567252043,0.5727114720056887,0.015572845890837518,0.5738544272400072,0.015421794699547598
pca_10,valence,classification,mlp_classifier,group_kfold,pca,10.0,0.7411456176396939,0.020631933828400166,,,0.05307914276246312,0.05756774031929038,,,0.8396310740433347,0.012024337809974774,0.8397593877091796,0.011991475554699536,0.5482811219765366,0.06579716958427424,0.5252213843630473,0.04549511227372917
pca_10,valence,classification,mlp_classifier,kfold,pca,10.0,0.7364781770239439,0.02528911590257734,,,0.22433695077425306,0.039777465350430107,,,0.8355632728473208,0.01558603425966861,0.8358200561092071,0.015457979717883112,0.5911333651219861,0.018874258300733714,0.5916878291799923,0.018923407433135774
pca_15,arousal,classification,logistic_regression,group_kfold,pca,15.0,0.39769540532320174,0.009020658109794423,,,0.40445451153093287,0.12713533418234124,,,0.6908150400554973,0.004200720956558927,0.6919887549762457,0.003949569045150226,0.6864874433175997,0.05750249096757453,0.6715916011569534,0.06849504655126294
pca_15,arousal,classification,logistic_regression,kfold,pca,15.0,0.3972020733150163,0.00195462901633538,,,0.3947564268700313,0.030504313902143105,,,0.69116531111234,0.0012234317688790282,0.6922276967200715,0.001191200418858488,0.6898508407361711,0.014615264256902013,0.6909547934939784,0.014560126706196906
pca_15,arousal,classification,mlp_classifier,group_kfold,pca,15.0,0.9694915546367847,0.004632293800454861,,,0.22952403204299157,0.0811819146182107,,,0.9849583953274116,0.003485649693855625,0.9849591932370038,0.0034838503138259246,0.6294229729843699,0.04571882883488709,0.6133102148368201,0.042375318855850226
pca_15,arousal,classification,mlp_classifier,kfold,pca,15.0,0.9707923753405614,0.005825599321008797,,,0.4525652008128371,0.02840363011420715,,,0.9859532257716417,0.004049960629256924,0.9859536571897216,0.00404927198106806,0.7128275287295875,0.01586037080999622,0.7130714670213103,0.015736019844052172
pca_15,valence,classification,logistic_regression,group_kfold,pca,15.0,0.20125114483366954,0.006047850012908141,,,0.17994063940762908,0.10948420910261614,,,0.5875732466333142,0.0037787889352362334,0.5888012670760472,0.003794071421910854,0.5784232748452296,0.05130294443611269,0.5540730352497256,0.07536715758360767
pca_15,valence,classification,logistic_regression,kfold,pca,15.0,0.20067248187994113,0.0017053343035199756,,,0.19490950317079556,0.028826152209334703,,,0.5881718510518458,0.0013855412545814372,0.5883298269639007,0.001362253928363301,0.5851082153888247,0.016605036220282164,0.5854120093305046,0.01645754222222874
pca_15,valence,classification,mlp_classifier,group_kfold,pca,15.0,0.9255268943233338,0.012068652374631209,,,0.06442481781031503,0.05935726119843949,,,0.956549381674328,0.009208002168809829,0.9565587276641785,0.009195095301787784,0.5393833929749043,0.03287340987343576,0.5143121927256304,0.034863864862114256
pca_15,valence,classification,mlp_classifier,kfold,pca,15.0,0.9286766730151435,0.0063098836105990545,,,0.31271770159669643,0.03573905561401197,,,0.958709099188169,0.004979499336304388,0.9587118611551831,0.004978942853392963,0.6398450437520999,0.018992079270431443,0.6399784680662424,0.018984589943215998
pca_20,arousal,classification,logistic_regression,group_kfold,pca,20.0,0.4008389697001826,0.00877311905991573,,,0.4031290112912111,0.12052815350005694,,,0.6908759783361265,0.004673776870574835,0.6921055009207385,0.004315455050368474,0.6873723426106912,0.053854892651337485,0.6725471658107726,0.06584860235946305
pca_20,arousal,classification,logistic_regression,kfold,pca,20.0,0.4002367405828864,0.0020378510610335097,,,0.3965940695022127,0.03164919346940966,,,0.6910196365248336,0.0013389643286720878,0.6921196462875963,0.0013335889255852375,0.6897430696951131,0.013440023248035636,0.6908782706901829,0.013464809687373467
pca_20,arousal,classification,mlp_classifier,group_kfold,pca,20.0,0.9853845498919315,0.017015386822316177,,,0.22381636204975852,0.08803322934201419,,,0.9922039508359367,0.012452638157912426,0.992214608999809,0.012424679212367307,0.6254249218121175,0.054573386353232396,0.6094461537170575,0.05201492395824461
pca_20,arousal,classification,mlp_classifier,kfold,pca,20.0,0.9913039970088424,0.005598829674248881,,,0.4737267991136961,0.030231843202641325,,,0.996880084387128,0.0034003182815776326,0.9968801374262175,0.003400195046891528,0.7246970492372852,0.015692359350692776,0.724781778073314,0.015663328845361247
pca_20,valence,classification,logistic_regression,group_kfold,pca,20.0,0.22751359726423143,0.006306725105888389,,,0.21114997828681456,0.10783109606416424,,,0.593737187314528,0.004457334239474679,0.5949326884632355,0.0044418953526329805,0.5865452609473656,0.05037904100236106,0.5630375057223546,0.07313761286730888
pca_20,valence,classification,logistic_regression,kfold,pca,20.0,0.22685431240750079,0.0015312269777419533,,,0.21997942978976712,0.026019852568798928,,,0.5940664203726914,0.0013034352406883177,0.5944300842207204,0.0012797471622531256,0.5910245608832162,0.013091105313441705,0.591456888635572,0.01297031522422977
pca_20,valence,classification,mlp_classifier,group_kfold,pca,20.0,0.9839176888981493,0.007894465320956867,,,0.0740081969886608,0.04216217004314895,,,0.993773026106419,0.004479347537955781,0.9937731192793664,0.004479357987334016,0.5494937455822637,0.03216810856923348,0.5247019491417033,0.03012344726983505
pca_20,valence,classification,mlp_classifier,kfold,pca,20.0,0.986074407690545,0.005340860383622824,,,0.35025490153292316,0.031249291318915344,,,0.9948180148841222,0.003173868999096157,0.994818146247606,0.003173656727738163,0.6630647443220961,0.014946989920374172,0.6633225673664545,0.015084925652749586
pca_25,arousal,classification,logistic_regression,group_kfold,pca,25.0,0.4118831766847195,0.008582440380281402,,,0.4101586154855981,0.12061621010603683,,,0.6939787454285058,0.0040015990095244635,0.6946670466458575,0.0038206320830491323,0.6862083456983331,0.052869371379410494,0.6706155360246623,0.06525823987312686
pca_25,arousal,classification,logistic_regression,kfold,pca,25.0,0.41123036279572805,0.0019525441536580419,,,0.40689126361925065,0.030454653466634066,,,0.693672465590621,0.0011574971114763624,0.6942491028654154,0.0011542033335954418,0.6922594554174232,0.012491211256902487,0.6928678635888667,0.012484614403358652
pca_25,arousal,classification,mlp_classifier,group_kfold,pca,25.0,0.9954934585560457,0.005897243260343391,,,0.24211209297792527,0.09444673558996382,,,0.9982390976359373,0.003784272906860635,0.9982390560423915,0.00378446008808027,0.6340949822151457,0.048408551193655724,0.6177646875173222,0.04981597444848963
pca_25,arousal,classification,mlp_classifier,kfold,pca,25.0,0.9963541710334702,0.0034419904375680072,,,0.5210063346859639,0.033273671628669725,,,0.9987214044338812,0.0018838674808821084,0.998721424252855,0.0018838151481608304,0.7485916927913508,0.0176457689891633,0.748660481513146,0.01761350045088428
pca_25,valence,classification,logistic_regression,group_kfold,pca,25.0,0.2418242268033567,0.006792665361642053,,,0.21731529571357944,0.11909166136185013,,,0.5979807596011175,0.0028989531657546697,0.5987103171898609,0.003286299431565917,0.588077461385907,0.05154581498735581,0.5638605627928691,0.07345472039617343
pca_25,valence,classification,logistic_regression,kfold,pca,25.0,0.240973082577297,0.001674232773760074,,,0.2328546840697237,0.028934124392195528,,,0.5982252330085811,0.0013380757035219685,0.5983198370431988,0.0013324361028510107,0.5973081090522471,0.012925643768316336,0.5975035622684526,0.012964965463179332
pca_25,valence,classification,mlp_classifier,group_kfold,pca,25.0,0.9903820552492897,0.011317962198710783,,,0.08144671401928888,0.07261362795871652,,,0.9948635939674921,0.007548150723168617,0.9948638719138633,0.007547332852616978,0.5623488994138321,0.04241418861982574,0.5371976600234827,0.028587740588214988
pca_25,valence,classification,mlp_classifier,kfold,pca,25.0,0.9948832617605979,0.005439217474322578,,,0.41601901678727043,0.02903434073320755,,,0.9981495185920548,0.0034007888903067004,0.99814965941784,0.003400268415481024,0.6978252565898356,0.014852135445098183,0.6979193185776258,0.014805139594870287
pca_30,arousal,classification,logistic_regression,group_kfold,pca,30.0,0.42851747106725085,0.008566843073552538,,,0.4240784416787626,0.11717724527957131,,,0.6975115596433769,0.004418229022632637,0.6978994219340493,0.004271091791650104,0.6886416874172067,0.048493878909582615,0.6727909986841417,0.0600980744038276
pca_30,arousal,classification,logistic_regression,kfold,pca,30.0,0.42775263671350083,0.001859333109583914,,,0.42254567082969724,0.02900189499654225,,,0.6976787341575256,0.0009255328481070922,0.6979272616363742,0.0009172198461808795,0.6963184718424604,0.0110653123982465,0.6965410637197471,0.01100574168304924
pca_30,arousal,classification,mlp_classifier,group_kfold,pca,30.0,0.9987695807842005,0.0016068381950280924,,,0.24109367531163667,0.06043012219869391,,,0.999689319656302,0.0006998227124418164,0.9996893198656043,0.0006998227435685788,0.6276723563390716,0.04296655831173523,0.6122159859786689,0.036876580922817016
pca_30,arousal,classification,mlp_classifier,kfold,pca,30.0,0.9980707547730796,0.005254077268942173,,,0.5579858479683921,0.03489118563565214,,,0.9990859920601003,0.0036510185744065083,0.999086151463398,0.0036503614045943463,0.7653706180696347,0.01690118826652715,0.7654196088365368,0.016875165322164737
pca_30,valence,classification,logistic_regression,group_kfold,pca,30.0,0.27269324880547063,0.006761204980404321,,,0.2503309032915552,0.11468059239188906,,,0.6098579825247374,0.00408542014370171,0.6103706447124497,0.004410076207025952,0.5982620561963345,0.04827983211021255,0.5741325099845054,0.0731180611847463
pca_30,valence,classification,logistic_regression,kfold,pca,30.0,0.2717312970963223,0.0015738792879005008,,,0.2634200334314889,0.026575225013900954,,,0.6091853016753179,0.0015822015013964876,0.609205754134788,0.0015851430627390757,0.6075091584317117,0.013512853782224311,0.6076079499276992,0.013530999439860993
pca_30,valence,classification,mlp_classifier,group_kfold,pca,30.0,0.9975140197003264,0.003766113831707245,,,0.06750601113549262,0.07156481858527643,,,0.9989919060215914,0.0020397501218712612,0.9989919060679967,0.002039732984861887,0.549543178431636,0.04630288184783758,0.5242992267162068,0.043143529592247216
pca_30,valence,classification,mlp_classifier,kfold,pca,30.0,0.9992616877219738,0.0009311587199829416,,,0.47247775252983587,0.029087440905603584,,,0.9999414730775271,0.00022243146637014016,0.9999414730776157,0.00022243146636116479,0.7247033667293353,0.014717977135270234,0.7247801948428907,0.01465860595699349
pca_5,arousal,classification,logistic_regression,group_kfold,pca,5.0,0.24950221074095685,0.008576874540901473,,,0.24799363640084643,0.1364932242832352,,,0.6234833609994217,0.0050307313715328185,0.624246611599627,0.005138071687947501,0.615707117262616,0.061842661683987804,0.5975749420064235,0.07067046250575343
pca_5,arousal,classification,logistic_regression,kfold,pca,5.0,0.24903518843337696,0.0025084496888755584,,,0.24799723604945123,0.039866614110798726,,,0.6219108911009774,0.0013301015482237756,0.622185106858903,0.001303402220965364,0.6216885505041814,0.01861234130731617,0.621918030883548,0.018567992707222203
pca_5,arousal,classification,mlp_classifier,group_kfold,pca,5.0,0.5367341628875542,0.025139537529936466,,,0.2314999178289988,0.12578083021715117,,,0.732050951572671,0.011674853110991368,0.7324360135158318,0.011569277831518766,0.6415213582117227,0.07188651620357425,0.6280508913487908,0.06787945784178791
pca_5,arousal,classification,mlp_classifier,kfold,pca,5.0,0.5362519403168766,0.01899669502009785,,,0.35447973106357145,0.02801071732405476,,,0.7308108778590718,0.009198986841008285,0.73125133327476,0.008957461051924177,0.6545484649281896,0.012800818107787552,0.6550608488226044,0.01281475365739492
pca_5,valence,classification,logistic_regression,group_kfold,pca,5.0,0.09226434410881831,0.005552637416827834,,,0.08569027547323738,0.1034887200413483,,,0.5448726525302305,0.00794384856422447,0.5493373137906811,0.004492739200583436,0.5157810479502797,0.05515015438688864,0.493451834678512,0.07577596346274978
pca_5,valence,classification,logistic_regression,kfold,pca,5.0,0.09191196720695441,0.002096201361813482,,,0.08809105364454202,0.03601517328816359,,,0.5501870971747096,0.0010746215613150981,0.550364211374847,0.0010263288612403947,0.5490436415352827,0.015422172100540778,0.5492878629555746,0.015477694472871886
pca_5,valence,classification,mlp_classifier,group_kfold,pca,5.0,0.44039069709123596,0.02190835995992821,,,0.02239664066989923,0.048891441207281894,,,0.6781374211419487,0.010051381337749589,0.6789284243030842,0.009718912227789832,0.5339628151502319,0.051978504937224716,0.5106508504898505,0.04072278955643469
pca_5,valence,classification,mlp_classifier,kfold,pca,5.0,0.4344910747555763,0.02235453421321419,,,0.15195153519127036,0.03733091140065277,,,0.675067357844187,0.011387536063669275,0.6760428147567765,0.011154757483790889,0.5598912547749287,0.015926038050386723,0.5613814213187254,0.01561098175659596
raw,arousal,classification,logistic_regression,group_kfold,raw,,0.5115486011014373,0.007234721843787118,,,0.4457462494158089,0.10324423040283436,,,0.7299967160385511,0.004358634338808089,0.7301066491746115,0.0043788832337965,0.6952815954807059,0.048095514988068425,0.679397769896823,0.06089332264568711
raw,arousal,classification,logistic_regression,kfold,raw,,0.5097595629763361,0.0018002072139923714,,,0.491391030602232,0.030093257635369675,,,0.7288055840279363,0.0013461712859959335,0.7288472135234231,0.0013451426560834143,0.720930341607067,0.017289463244202222,0.7210320551386382,0.017217058852741038
raw,arousal,classification,mlp_classifier,group_kfold,raw,,0.9990509541109892,0.0025039026663874536,,,0.2787760438692273,0.09140989473804471,,,0.9996487156809715,0.0012746366669819863,0.9996487026909592,0.00127469033811268,0.6492045751636519,0.05231936570916867,0.634017164575703,0.052698904207980644
raw,arousal,classification,mlp_classifier,kfold,raw,,0.9921022046391814,0.02712553061782402,,,0.6802316420743095,0.02929981093658361,,,0.9954436780187856,0.01667016573530527,0.99544390419593,0.016669239774937925,0.8251438073106829,0.016411585826768535,0.825192890239912,0.016407185989214024
raw,valence,classification,logistic_regression,group_kfold,raw,,0.358287229694366,0.007551492607345549,,,0.2502297913141705,0.11885155707930334,,,0.6427383356093256,0.004436670958012443,0.6430367101537734,0.004556485257213237,0.603238473409633,0.052022297179355324,0.5789190978910613,0.06880542185463623
raw,valence,classification,logistic_regression,kfold,raw,,0.3554801157687444,0.0014057093548666176,,,0.32864917462680904,0.02516492231212796,,,0.642103677454895,0.0012213209171440301,0.6421696141314057,0.001229922963654116,0.6305154040893153,0.012973078977189243,0.6306420527110181,0.013078760908703224
raw,valence,classification,mlp_classifier,group_kfold,raw,,0.9926906510366496,0.019766910022660983,,,0.10897477506035563,0.07656969925368551,,,0.9955442526579659,0.012582349861463395,0.9955441588210636,0.012582592222141874,0.570737189810495,0.04415097977842115,0.5466060290321362,0.045728565407550936
raw,valence,classification,mlp_classifier,kfold,raw,,0.9975516054353167,0.008574211614058233,,,0.6395617087746527,0.03321771198758919,,,0.9986312206709802,0.005450228535012502,0.9986313704303981,0.005449611373193199,0.8022195493024945,0.018633630020724927,0.8022361546499478,0.018643559141266648
slow_deg2_10,arousal,classification,logistic_regression,group_kfold,slow_deg2,10.0,0.2282689943166888,0.010922284709894087,,,-0.0258863262836807,0.18506975304387652,,,0.619257379609641,0.010330500293645056,0.6218333023219356,0.008208426139582394,0.5281784710021553,0.09894274653517036,0.5595051096049701,0.10232827695470514
slow_deg2_10,arousal,classification,logistic_regression,kfold,slow_deg2,10.0,0.22675956732118216,0.002473680103394299,,,0.22428231193877052,0.03644842267482242,,,0.6228140190729224,0.0016697939540202041,0.6242875495517827,0.0017447863536382085,0.6225754886809746,0.01889424882055782,0.6240589806107049,0.01906966771632368
slow_deg2_10,arousal,classification,mlp_classifier,group_kfold,slow_deg2,10.0,0.887010687082126,0.010911127730103123,,,0.03559431338619552,0.11470991725925271,,,0.9280569929136817,0.007071624824845248,0.9280825968127537,0.0070595131122338055,0.549933289349357,0.08522718598740012,0.5547790109681959,0.06234155009670448
slow_deg2_10,arousal,classification,mlp_classifier,kfold,slow_deg2,10.0,0.8844637904887782,0.01025174274213359,,,0.7845216522963023,0.019834963704322268,,,0.926229772293478,0.006638289247579167,0.9262657582880313,0.006626531282465791,0.8625831366702695,0.01228821577582337,0.8626986690309574,0.012329662491309215
slow_deg2_10,valence,classification,logistic_regression,group_kfold,slow_deg2,10.0,0.2518380669807568,0.00936098616931045,,,0.0663675799821149,0.10459133790252627,,,0.6029263815780618,0.00631263656462806,0.6058850395963292,0.005048155242670811,0.5060342478642285,0.09504430315636253,0.5298375152981664,0.07862301093472947
slow_deg2_10,valence,classification,logistic_regression,kfold,slow_deg2,10.0,0.24973462446050199,0.0016764970196428183,,,0.24759001706664202,0.027026017480706148,,,0.6018127798355263,0.001231762706110223,0.6037582975309069,0.0012632748335514425,0.6006318297683676,0.01910701202434184,0.6027114404230391,0.01902149358999759
slow_deg2_10,valence,classification,mlp_classifier,group_kfold,slow_deg2,10.0,0.8842953372466125,0.013998236272442231,,,-0.018940153493146254,0.08273279695186775,,,0.9264032156059342,0.009534213131039998,0.9264202851602206,0.009537284328249256,0.520539615132195,0.09588698414204302,0.5055880964728223,0.06924719019219001
slow_deg2_10,valence,classification,mlp_classifier,kfold,slow_deg2,10.0,0.8783756419562471,0.011791170434822145,,,0.7815279990623952,0.01652926583647728,,,0.9224527121199443,0.0074332114561252,0.922497512132463,0.007419782541124312,0.8611444682699293,0.01118757875199264,0.8612417803953853,0.011176417574066629
slow_deg2_15,arousal,classification,logistic_regression,group_kfold,slow_deg2,15.0,0.34933794723758294,0.013516927936683595,,,0.12914843850778016,0.20706131767096833,,,0.6531871366477886,0.00704193044105204,0.6543091096261027,0.006711126241465901,0.5859789446186732,0.12123472708735969,0.6086748402984472,0.1022534946330276
slow_deg2_15,arousal,classification,logistic_regression,kfold,slow_deg2,15.0,0.3474806274879881,0.0016024782680046769,,,0.34400716388755614,0.024626094567154474,,,0.653542179876481,0.0013200468224109144,0.6542440564309367,0.0013624858603456197,0.6534545759834893,0.015140522977364979,0.6541363478040593,0.015201674019871587
slow_deg2_15,arousal,classification,mlp_classifier,group_kfold,slow_deg2,15.0,0.9569116106078192,0.008796890397168557,,,0.08836986812982407,0.1482669202984138,,,0.9743778969970938,0.005685479181853295,0.9743785320773208,0.005684885964245106,0.5738951024906612,0.07944855430234249,0.5654151532966396,0.06444766372471813
slow_deg2_15,arousal,classification,mlp_classifier,kfold,slow_deg2,15.0,0.9544079051520029,0.006453169090372342,,,0.8742974637494128,0.014626618322863306,,,0.972444863834768,0.004979246926112957,0.9724475475719073,0.004976328817850336,0.917928591948661,0.009833381674675361,0.9179564717182271,0.00981743329174422
slow_deg2_15,valence,classification,logistic_regression,group_kfold,slow_deg2,15.0,0.31545393405945765,0.015452687458168681,,,0.12513441066965822,0.13462749601821125,,,0.6329208907300382,0.008419146523690588,0.6346769428137855,0.007660135638261979,0.5521681652408436,0.12158836044401634,0.566427725589993,0.09618659633158824
slow_deg2_15,valence,classification,logistic_regression,kfold,slow_deg2,15.0,0.3131458393784621,0.0017888639873098182,,,0.3095152820011322,0.02374535721006086,,,0.6336414980490208,0.0014153462331539005,0.6348403199593845,0.0013967709016889593,0.6333971791141428,0.015650574161760356,0.6346257771022661,0.015639427860251204
slow_deg2_15,valence,classification,mlp_classifier,group_kfold,slow_deg2,15.0,0.9628960289086889,0.007409388970896824,,,0.07878049761844733,0.11346447969100101,,,0.9789581970868516,0.004715474130804878,0.9789586985095967,0.004714468212574245,0.5643762369124232,0.0834273603228295,0.5482815559965241,0.05935458639636182
slow_deg2_15,valence,classification,mlp_classifier,kfold,slow_deg2,15.0,0.9574421964622046,0.007349605357386313,,,0.8758503223291747,0.01273533786959327,,,0.974965517596432,0.005406956000983418,0.9749687076701908,0.005403503965594452,0.9192958514308359,0.009158245915517182,0.9193331433456825,0.009158620184174696
slow_deg2_20,arousal,classification,logistic_regression,group_kfold,slow_deg2,20.0,0.3840072308600537,0.013140720939751481,,,0.15644755911898642,0.1666788905101055,,,0.6659335767697155,0.007609540649083289,0.6666883110830907,0.007160366501845212,0.5907995697296641,0.1260323467292885,0.6192871390344171,0.09776622514806481
slow_deg2_20,arousal,classification,logistic_regression,kfold,slow_deg2,20.0,0.38148808325218037,0.001387308728204479,,,0.3776115674748816,0.02266067479609872,,,0.6657977335274089,0.0008496583983967882,0.6662734823986135,0.0008772893725595041,0.6632561064467333,0.01443111274995703,0.6637060257749913,0.014439532964325087
slow_deg2_20,arousal,classification,mlp_classifier,group_kfold,slow_deg2,20.0,0.969475492442607,0.005454533281958198,,,0.12288092024039125,0.15190608935195726,,,0.9818593895719826,0.004083484032881354,0.981861701569993,0.004081539608827428,0.585119403561015,0.08931579011011248,0.5768058477262832,0.07630227826389795
slow_deg2_20,arousal,classification,mlp_classifier,kfold,slow_deg2,20.0,0.9701263315216634,0.004706247752176322,,,0.8991942572374432,0.01453772829530534,,,0.9827476998781989,0.0032733775178645456,0.982748252349391,0.0032732237523534417,0.9345365735721077,0.010688903824133528,0.9345649810540093,0.010671910074322208
slow_deg2_20,valence,classification,logistic_regression,group_kfold,slow_deg2,20.0,0.3253477662681635,0.016751429788814852,,,0.09594952238306297,0.1470746918243567,,,0.6286823749543733,0.0076037355999039845,0.629765686233896,0.0073434604826858796,0.521579405521686,0.1172556530631641,0.536117288268676,0.09094522768986034
slow_deg2_20,valence,classification,logistic_regression,kfold,slow_deg2,20.0,0.3216442249127481,0.0014644578274179577,,,0.3171326296053066,0.022112297851747887,,,0.6250724938816181,0.0012487420478338492,0.625647163305687,0.0012498154357539174,0.6230767354527053,0.011541141365606349,0.6236805885395227,0.01181737455316675
slow_deg2_20,valence,classification,mlp_classifier,group_kfold,slow_deg2,20.0,0.9802017503267813,0.004128339008784841,,,0.00910169330360942,0.07833953068212318,,,0.989586542887856,0.0030697326607835277,0.9895865224381287,0.0030703742902593828,0.5270801898078,0.09069070530036608,0.5135946115981578,0.05524680137346232
slow_deg2_20,valence,classification,mlp_classifier,kfold,slow_deg2,20.0,0.9767849749053867,0.003563960313358346,,,0.910489234485287,0.009014141493089321,,,0.9876371386580209,0.0022492379399774547,0.9876374010823036,0.0022491551920989557,0.9413560901195337,0.006629726684468629,0.9413736107153036,0.006618660168033514
slow_deg2_25,arousal,classification,logistic_regression,group_kfold,slow_deg2,25.0,0.4903937613017878,0.010624176511011973,,,0.2854698321093739,0.17723342868684738,,,0.7221781984729094,0.005136229805835795,0.7224634086753345,0.0049335491973331565,0.634384388074788,0.13822860531090891,0.6621743896410784,0.11642345978718974
slow_deg2_25,arousal,classification,logistic_regression,kfold,slow_deg2,25.0,0.48814622343549946,0.0015932625860456439,,,0.4844921728369693,0.023845874179084518,,,0.722855666064847,0.0010009038712374108,0.7229990660382489,0.0010017996217519854,0.7208429855654865,0.013551445834635446,0.7209532102635552,0.013579245637365825
slow_deg2_25,arousal,classification,mlp_classifier,group_kfold,slow_deg2,25.0,0.9787178429597181,0.004385621124024644,,,0.13290391242344843,0.1180690566959453,,,0.9882142329604569,0.003198167290187086,0.988213939128587,0.003198625553388686,0.5652546477618655,0.09740745099766471,0.5672611161550312,0.08303249453112156
slow_deg2_25,arousal,classification,mlp_classifier,kfold,slow_deg2,25.0,0.9765112576897751,0.003262390991037755,,,0.9147606410480633,0.0129975296308278,,,0.9866151785454242,0.0024736431324741764,0.9866154711047156,0.0024735110788751966,0.9452745456710798,0.008180450405804755,0.9452787013288582,0.008180215639864043
slow_deg2_25,valence,classification,logistic_regression,group_kfold,slow_deg2,25.0,0.36776024472195323,0.015764805586305546,,,0.14912031541875465,0.14789461195913406,,,0.6484216263335452,0.008070498447645487,0.649006985815376,0.007807588319846911,0.513687579241606,0.15803141506958884,0.5473250563977583,0.13472389664867168
slow_deg2_25,valence,classification,logistic_regression,kfold,slow_deg2,25.0,0.3623481031612027,0.001766163823146883,,,0.3573314479760042,0.026405292484154696,,,0.6444407392240834,0.0014624281708347274,0.6445962143234133,0.001455467199098924,0.6425405259538759,0.0171359105900227,0.6427378275967617,0.01703064352746954
slow_deg2_25,valence,classification,mlp_classifier,group_kfold,slow_deg2,25.0,0.9844791267724121,0.004295479677119534,,,-0.00410811336986145,0.1460657473445437,,,0.9924772238852871,0.002836339353358689,0.992477497022212,0.002835957933286743,0.49137399104939355,0.08817457638556005,0.4779804828752349,0.09275257922849553
slow_deg2_25,valence,classification,mlp_classifier,kfold,slow_deg2,25.0,0.9844288893735396,0.0028618746574219298,,,0.9241130181815271,0.00946478269745825,,,0.9923554825161732,0.001772405869153011,0.9923555459042477,0.001772374276147407,0.9521581053345961,0.005759910968492836,0.9521651203782864,0.005757116996525291
slow_deg2_30,arousal,classification,logistic_regression,group_kfold,slow_deg2,30.0,0.4991733300898818,0.010226430399557684,,,0.26684556350578326,0.1846082356189309,,,0.723937937363653,0.005455663276592639,0.7243316519608658,0.0052192493187194705,0.6158356283764299,0.14890452468471796,0.648539391748272,0.12897232874924244
slow_deg2_30,arousal,classification,logistic_regression,kfold,slow_deg2,30.0,0.496790230133475,0.0016181584763490997,,,0.4928746643387661,0.023942676113598373,,,0.7236111092467261,0.001251226814179561,0.7238634684036336,0.0012500620075877704,0.7229637813080513,0.015065211182804959,0.7231733215118795,0.015137690618681416
slow_deg2_30,arousal,classification,mlp_classifier,group_kfold,slow_deg2,30.0,0.9818509331387456,0.0036437973581524017,,,0.1903361294535833,0.16429520277194587,,,0.9900456809165618,0.00241488685727471,0.9900457115214976,0.00241457113660815,0.612626278373413,0.09294101363250432,0.6057756804292151,0.08650447309569705
slow_deg2_30,arousal,classification,mlp_classifier,kfold,slow_deg2,30.0,0.9814858474712322,0.00391461184308756,,,0.920310901873218,0.012285377197384702,,,0.9897082213504886,0.002560723010657346,0.9897083642998913,0.0025606941418396542,0.9481832197773608,0.008477157193106318,0.9481866734217833,0.008477981838108347
slow_deg2_30,valence,classification,logistic_regression,group_kfold,slow_deg2,30.0,0.38930311944476065,0.014269889733068204,,,0.09773988052414385,0.12415073675621388,,,0.6606655526175278,0.007254019421753929,0.6612922196601952,0.007079095277904503,0.5258259472521493,0.15479006930870312,0.5507139027491876,0.1332235767724376
slow_deg2_30,valence,classification,logistic_regression,kfold,slow_deg2,30.0,0.38432700563330147,0.0017435205362633965,,,0.3787937999121969,0.025921314795488638,,,0.6598329392149382,0.001639968594709013,0.6601462305915725,0.001646374240241238,0.6588030671846145,0.017903419141127665,0.6591927635814783,0.017918601851700713
slow_deg2_30,valence,classification,mlp_classifier,group_kfold,slow_deg2,30.0,0.9857207079702697,0.0047302843816139735,,,0.0013020924845038402,0.11335421005698425,,,0.9926132658410793,0.002997804050233285,0.9926131215722624,0.002998166776384282,0.504998115353644,0.09775186908015877,0.49778911276648724,0.08275328054314306
slow_deg2_30,valence,classification,mlp_classifier,kfold,slow_deg2,30.0,0.9878792425656125,0.0023840641012281903,,,0.9320410363904296,0.010589480144135945,,,0.9942058646651025,0.0016907932194730726,0.9942059094691863,0.0016907373997655608,0.9556029239805967,0.007703553119776011,0.9556089631951701,0.007698104180300479
slow_deg2_5,arousal,classification,logistic_regression,group_kfold,slow_deg2,5.0,0.17149719432523175,0.008687188189842356,,,-0.008683276575642176,0.16901167666128325,,,0.5801817387490502,0.012774652956018468,0.5850957963502427,0.008029871904219768,0.48308677508565573,0.12379176385447543,0.5217805436789688,0.12816102605536245
slow_deg2_5,arousal,classification,logistic_regression,kfold,slow_deg2,5.0,0.17014177654327034,0.0019716201068252772,,,0.16921568192039302,0.031282111945415,,,0.5792373133743616,0.0023549879856153456,0.5818514001247315,0.0020139578721793624,0.5777227367417046,0.02047410156850868,0.5803594988547967,0.020608073363562966
slow_deg2_5,arousal,classification,mlp_classifier,group_kfold,slow_deg2,5.0,0.6369755973485808,0.018616548433139736,,,-0.014413890389938141,0.16906768426740004,,,0.7751764183869291,0.011360208620633019,0.776113972362301,0.010859528289936563,0.5115517812644802,0.07176730880277134,0.5069571119289873,0.0797953890667283
slow_deg2_5,arousal,classification,mlp_classifier,kfold,slow_deg2,5.0,0.6367341445349064,0.015993469755399115,,,0.5549538014639389,0.02507082726484825,,,0.7754430854259904,0.010132873828877337,0.7759338694551621,0.009960842634694846,0.7340559063359452,0.016553262188291368,0.7346551196394456,0.016461748493949463
slow_deg2_5,valence,classification,logistic_regression,group_kfold,slow_deg2,5.0,0.22780570354860114,0.010627053644288538,,,0.04787197044935544,0.10508126608970124,,,0.5858336027165523,0.0061425121214293875,0.5901282580520701,0.00583065028262824,0.5153888379965289,0.09896990551473511,0.5471271435258299,0.09010843310812788
slow_deg2_5,valence,classification,logistic_regression,kfold,slow_deg2,5.0,0.2269760929294823,0.0017684961296525396,,,0.22544852482074595,0.030463358032017215,,,0.5842472980480689,0.0012283202091907775,0.5873123870186672,0.0012526970797248813,0.5841016857122515,0.022277776283946556,0.587252778569393,0.022344332156345247
slow_deg2_5,valence,classification,mlp_classifier,group_kfold,slow_deg2,5.0,0.659505529076222,0.018756367406257846,,,-0.0608129429526793,0.11407769948444063,,,0.7854419750790155,0.011660345852471025,0.7861820797606726,0.011188477356772742,0.505060659511346,0.07965368917842813,0.4989877716016091,0.05931935517004724
slow_deg2_5,valence,classification,mlp_classifier,kfold,slow_deg2,5.0,0.6612917980466884,0.011072576813774769,,,0.574607375936616,0.02095360729637044,,,0.7880231297663755,0.006917911827120035,0.7885351036697689,0.006581915166936175,0.7373432869565382,0.01583733487466531,0.7380986458102445,0.01570787380297983
slow_deg3_10,arousal,classification,logistic_regression,group_kfold,slow_deg3,10.0,0.3370052093515409,0.0070901502732753155,,,0.2919568538613109,0.12084428748488948,,,0.6442436846940356,0.005795980425644931,0.6454635003243664,0.006095541952283949,0.6319871768942521,0.08244734552382625,0.6205566643031156,0.08089566837645679
slow_deg3_10,arousal,classification,logistic_regression,kfold,slow_deg3,10.0,0.3360852063049835,0.0015673808229005241,,,0.3343450946469716,0.025848982551719232,,,0.643726759762564,0.0014688542247541887,0.6443215850768544,0.0014880340630643223,0.6422933186970028,0.020761007805833554,0.6429652850342505,0.020483961538223003
slow_deg3_10,arousal,classification,mlp_classifier,group_kfold,slow_deg3,10.0,0.8313019735462542,0.017180010251293044,,,0.18706489853315475,0.06959699139833793,,,0.8916634575750617,0.011569856356338224,0.8917176497116606,0.011546385929329493,0.6182184695653202,0.06333952616899713,0.6071629662616331,0.058337516862143154
slow_deg3_10,arousal,classification,mlp_classifier,kfold,slow_deg3,10.0,0.826582774297716,0.014066444597201015,,,0.660506171508144,0.027414128287675386,,,0.8886204968723941,0.009057963550305503,0.8886872547710168,0.009023637893559337,0.7917559621450638,0.017519814126764986,0.7920534498590927,0.017463203378695814
slow_deg3_10,valence,classification,logistic_regression,group_kfold,slow_deg3,10.0,0.22903012541848058,0.006884462985038447,,,0.16062924269882198,0.12486726023849426,,,0.5813446124395342,0.004191175461176458,0.5833595611231353,0.0039960401530988055,0.5530261425840298,0.0625984145036278,0.537680536455705,0.08763230025366231
slow_deg3_10,valence,classification,logistic_regression,kfold,slow_deg3,10.0,0.22710639009918504,0.001319226842930763,,,0.22457595151184062,0.021599331175678634,,,0.5809248444859475,0.0008537705109410894,0.5810230270951783,0.0008583615421622912,0.5793832608582041,0.013282330253698944,0.5795173258182663,0.013178153949049308
slow_deg3_10,valence,classification,mlp_classifier,group_kfold,slow_deg3,10.0,0.8025586372503325,0.0227306797095207,,,0.0718042587509854,0.09257366161167684,,,0.8718319706538042,0.01445312228782826,0.8718863148227824,0.01443346066394345,0.5491190826832971,0.05429513214305328,0.5246947940705192,0.04059608399894019
slow_deg3_10,valence,classification,mlp_classifier,kfold,slow_deg3,10.0,0.789471779051173,0.013890504700995388,,,0.6113206234186834,0.024311266130122116,,,0.8629085197227799,0.00888991454192995,0.8630437504695965,0.008828836267915443,0.7595290025483703,0.015477083823459876,0.7599114446449869,0.015347230356082509
slow_deg3_15,arousal,classification,logistic_regression,group_kfold,slow_deg3,15.0,0.41327067207685464,0.010088313357208573,,,0.3810110530096791,0.12807115892422027,,,0.6848682973210167,0.005774280937117202,0.6852483142955195,0.00558890556286097,0.6757613321956222,0.06638475037884277,0.6613331452362792,0.07153879790102145
slow_deg3_15,arousal,classification,logistic_regression,kfold,slow_deg3,15.0,0.4125025591322626,0.0018595266702606176,,,0.41072373818625313,0.026576954312797944,,,0.6864670915185921,0.0013133636239332379,0.6866316717747533,0.0012980435853649321,0.6862073532326226,0.015129343420987455,0.6864380481935342,0.0151526482984597
slow_deg3_15,arousal,classification,mlp_classifier,group_kfold,slow_deg3,15.0,0.9046729046586669,0.015225709898849665,,,0.20884207614859282,0.11171046426782853,,,0.9407254022700867,0.009919633711356474,0.9407434605244096,0.009914218752417056,0.6144148205702097,0.05210319333490486,0.6021667477627045,0.0480926534661357
slow_deg3_15,arousal,classification,mlp_classifier,kfold,slow_deg3,15.0,0.8959983112746518,0.013408607717167533,,,0.722420910468784,0.021644414232215792,,,0.9335678971256589,0.009736893317421693,0.9335994086086017,0.009714304352174465,0.8301138755833243,0.014324161383020385,0.8302483560790771,0.014245738947478197
slow_deg3_15,valence,classification,logistic_regression,group_kfold,slow_deg3,15.0,0.25076215234298016,0.008013971412941235,,,0.16883820012794493,0.12651003548549763,,,0.5900925935650513,0.00417154437728814,0.5921239293255636,0.004184170952474827,0.5557765501335802,0.07123141257680349,0.5369669515755064,0.08974156082292477
slow_deg3_15,valence,classification,logistic_regression,kfold,slow_deg3,15.0,0.24896544389596112,0.0014968851288568509,,,0.24600640748193778,0.024849670308489093,,,0.5885873717955175,0.001447399195966456,0.5889376007056106,0.0014312655509454613,0.5879643206408995,0.016253344804877917,0.5883181870956166,0.016182532756413553
slow_deg3_15,valence,classification,mlp_classifier,group_kfold,slow_deg3,15.0,0.8871721259188695,0.020156224378193373,,,0.06349717520026232,0.08005700071097346,,,0.927638525567618,0.013200977460883058,0.9276484510049203,0.01321012807559282,0.5458433613653679,0.05791680135749763,0.5213637672072289,0.03347246036758734
slow_deg3_15,valence,classification,mlp_classifier,kfold,slow_deg3,15.0,0.8892674043602793,0.013037669986197173,,,0.6740181527181427,0.028943982448456345,,,0.9288632825283316,0.008924453124811254,0.9288904685718676,0.0089045005540835,0.8007468325944148,0.017692787829491814,0.800853150100799,0.017698919411138526
slow_deg3_20,arousal,classification,logistic_regression,group_kfold,slow_deg3,20.0,0.4422092328360497,0.008713916517298753,,,0.38819356802443916,0.11494999055782351,,,0.6963182654997231,0.0057131847605953355,0.6965161834330125,0.005613917718856827,0.6835349338423024,0.06154793859519526,0.6701443136488405,0.06428348212325602
slow_deg3_20,arousal,classification,logistic_regression,kfold,slow_deg3,20.0,0.44107372616228785,0.0016865465848224048,,,0.4387003401309794,0.024508710763406338,,,0.6957245903472348,0.0012418929391818968,0.6957752932445674,0.001235015211809167,0.6950720480628205,0.014639120922349981,0.6951613311801399,0.014619538882917846
slow_deg3_20,arousal,classification,mlp_classifier,group_kfold,slow_deg3,20.0,0.9351235441526909,0.012481813390909521,,,0.19068696772165517,0.08669203395490746,,,0.9606865849708135,0.008645449785629427,0.9606987573558382,0.008640945263190206,0.6093712223088719,0.05402763482985885,0.5946000770933135,0.050979958031945334
slow_deg3_20,arousal,classification,mlp_classifier,kfold,slow_deg3,20.0,0.9345784006205788,0.015664465149955006,,,0.7504606638052381,0.019627518704684727,,,0.9599243910788259,0.011253303087468277,0.9599365357201335,0.01123825074154637,0.8497315615895658,0.010773170461087011,0.8499151388493081,0.010727543218493833
slow_deg3_20,valence,classification,logistic_regression,group_kfold,slow_deg3,20.0,0.2785201331888807,0.006961809436893529,,,0.1679977716673851,0.11836699368590486,,,0.6009558168179905,0.004457373637770786,0.6021693069612718,0.003954025495990053,0.5629315478165932,0.05582007114631211,0.5433373523586945,0.0773759009971647
slow_deg3_20,valence,classification,logistic_regression,kfold,slow_deg3,20.0,0.27573417809348316,0.0014026340291620457,,,0.27209015552658117,0.023524612929905816,,,0.602645366359432,0.0013982033827314778,0.6027543273179303,0.001373248756912123,0.6017503416183652,0.01692366707110735,0.6019412515964241,0.016785654253925295
slow_deg3_20,valence,classification,mlp_classifier,group_kfold,slow_deg3,20.0,0.9199606100746824,0.011849965065742502,,,0.03831904614951257,0.0667192053232931,,,0.9500390235378783,0.00816084692021194,0.9500507865687848,0.008149053701107063,0.5230542789349995,0.04100413045038239,0.49802420180017454,0.03160737661065938
slow_deg3_20,valence,classification,mlp_classifier,kfold,slow_deg3,20.0,0.9124459981552994,0.013316278602102253,,,0.7099398097420742,0.021968534561539167,,,0.9446060268194265,0.008738211853971584,0.944620568407744,0.00873565695049534,0.8227156558438433,0.014378722420264589,0.8228212110657253,0.014305083162678924
slow_deg3_25,arousal,classification,logistic_regression,group_kfold,slow_deg3,25.0,0.4663238953572226,0.007471046534550948,,,0.4056006266313652,0.11506402615917655,,,0.7043063716871181,0.005013684357548154,0.7044001098351522,0.004974517106244356,0.6936841860076721,0.06364878909474492,0.6806769939766342,0.06655327951166859
slow_deg3_25,arousal,classification,logistic_regression,kfold,slow_deg3,25.0,0.4647579397308713,0.001335902048148222,,,0.461511616578726,0.022094878689704327,,,0.7035010498387592,0.0012058136505947222,0.7035052731905975,0.0012040093547839345,0.7020273445432164,0.01419511031024772,0.7020494390086865,0.014175385774605045
slow_deg3_25,arousal,classification,mlp_classifier,group_kfold,slow_deg3,25.0,0.9565984770750366,0.007508798640793857,,,0.17180211754386693,0.11237751427389175,,,0.9752756983707869,0.0046908581084265395,0.9752779363507708,0.004691531922164907,0.5963573194842232,0.05676108559612166,0.5793119966701696,0.058110831574613865
slow_deg3_25,arousal,classification,mlp_classifier,kfold,slow_deg3,25.0,0.9562827797280009,0.005553466551815547,,,0.7659537642853503,0.01814055595588699,,,0.9745167220347297,0.0037593012694085784,0.9745185126135253,0.0037584851181776636,0.8585158478804404,0.011724636160003922,0.8585626378729827,0.011699168380819892
slow_deg3_25,valence,classification,logistic_regression,group_kfold,slow_deg3,25.0,0.3092580442555468,0.00553577176552311,,,0.18511660636596683,0.11644062973596474,,,0.613701865800818,0.003959231482648687,0.614424747178222,0.0037326097024969573,0.5756008230832665,0.05439950050680114,0.5534368769294196,0.06513722697702042
slow_deg3_25,valence,classification,logistic_regression,kfold,slow_deg3,25.0,0.3067627027688261,0.0016272323156918088,,,0.30296465039601517,0.026631039528842566,,,0.6145066492938797,0.0013302217853548347,0.6145091287815262,0.0013297375576951011,0.6130672602643495,0.017351232990751028,0.6131147419862154,0.01731181430384952
slow_deg3_25,valence,classification,mlp_classifier,group_kfold,slow_deg3,25.0,0.9558846730754806,0.006280257080119621,,,0.04302912465121492,0.07864738267723982,,,0.9750022743002462,0.004302374523754011,0.9750051657097129,0.004303305326838531,0.5350897421540487,0.04245214314928627,0.5096670733075503,0.021541488154408185
slow_deg3_25,valence,classification,mlp_classifier,kfold,slow_deg3,25.0,0.9500887261454825,0.007792537058838782,,,0.7352669769340945,0.02179480051728254,,,0.9708236056651766,0.005093129917627017,0.9708268768141893,0.005090601297046534,0.8397070489788176,0.012892454690238796,0.8398141287482981,0.012917780818596113
slow_deg3_30,arousal,classification,logistic_regression,group_kfold,slow_deg3,30.0,0.473540956517599,0.007908797744449383,,,0.40350873209224347,0.11873321467654387,,,0.7090154188303688,0.005006311124218902,0.7091136037792025,0.004967790232892313,0.6880825569022967,0.06965159844405995,0.6757236653903421,0.07225996383412944
slow_deg3_30,arousal,classification,logistic_regression,kfold,slow_deg3,30.0,0.47158196573606115,0.0014786483569781714,,,0.4677161630183101,0.02378376666422279,,,0.7085251910296484,0.001120182925468985,0.7085340485048696,0.0011199512749623486,0.7066247033271986,0.014364940581047524,0.7066414405285878,0.01435668778809679
slow_deg3_30,arousal,classification,mlp_classifier,group_kfold,slow_deg3,30.0,0.970319493489794,0.007065710678729691,,,0.19604981341586622,0.09953272219524205,,,0.9839030108653328,0.005167619352677349,0.9839046700202885,0.0051637152290098035,0.6024487449575489,0.06307449072426635,0.588739365217068,0.06140739673389555
slow_deg3_30,arousal,classification,mlp_classifier,kfold,slow_deg3,30.0,0.9685417846519359,0.0072001289869253905,,,0.784414571941237,0.019275233506701427,,,0.9831571784779639,0.0047556374233699945,0.9831579521150672,0.004755185891815785,0.8683351602174049,0.010716293155753304,0.8683596677327085,0.010713423766831397
slow_deg3_30,valence,classification,logistic_regression,group_kfold,slow_deg3,30.0,0.3207002634388797,0.0058625026949899964,,,0.17454807117320417,0.1231833186483092,,,0.6213611743133194,0.004142193817768856,0.6220107810926764,0.0038667546817578507,0.5832904663073113,0.053758076677020074,0.5617613664897649,0.059350024387703613
slow_deg3_30,valence,classification,logistic_regression,kfold,slow_deg3,30.0,0.31746363827032886,0.001818681751928139,,,0.31306259455452284,0.029580913463734683,,,0.6214845800750973,0.0015307630341938863,0.6214872814835721,0.0015305178837310084,0.6195953340128048,0.019326266157321206,0.6196204468931742,0.019321145880462874
slow_deg3_30,valence,classification,mlp_classifier,group_kfold,slow_deg3,30.0,0.9695757896931271,0.0063911542756276835,,,0.064501475578927,0.08148950875286866,,,0.984306524369595,0.004413201826958284,0.9843067514153938,0.004412983537988756,0.5395085435403351,0.06041403211315576,0.5158600172943106,0.03709175794955845
slow_deg3_30,valence,classification,mlp_classifier,kfold,slow_deg3,30.0,0.9597922253327015,0.008773652803327828,,,0.7584286159702056,0.024291730889669905,,,0.9776644133629434,0.006152420677546926,0.9776654901235121,0.006151131334844308,0.8552997338834982,0.014934274879537912,0.8553503688926888,0.014929169934990773
slow_deg3_5,arousal,classification,logistic_regression,group_kfold,slow_deg3,5.0,0.18447804383115488,0.007975295073907962,,,0.1553641148856418,0.16538242910906786,,,0.5603035368661851,0.005549526704803101,0.5666547657920513,0.007041251309213124,0.528643899935881,0.09485566473469972,0.5188754604960965,0.09707113055438654
slow_deg3_5,arousal,classification,logistic_regression,kfold,slow_deg3,5.0,0.1837685397724419,0.002002883084541062,,,0.18165040257453793,0.03520630147311697,,,0.5636216013962817,0.0013642978366872587,0.5678185814028054,0.00140976040448164,0.5622466772970299,0.019426917326705796,0.5665841275872625,0.019189106976625833
slow_deg3_5,arousal,classification,mlp_classifier,group_kfold,slow_deg3,5.0,0.5241367588220186,0.01739121032475905,,,0.13321953598494418,0.13058381523778334,,,0.7131038476033118,0.010240297059163834,0.714065828771817,0.00962158344168796,0.5760600547870464,0.0674093800535698,0.5649272161357539,0.06462707181964436
slow_deg3_5,arousal,classification,mlp_classifier,kfold,slow_deg3,5.0,0.5333573850561815,0.011028295152450704,,,0.4292289959283322,0.0292065182907112,,,0.7194296138497402,0.006335975192068462,0.7197666075491234,0.0062640931283492575,0.6711365831015825,0.016735753920766393,0.6715866079815922,0.01672792096211746
slow_deg3_5,valence,classification,logistic_regression,group_kfold,slow_deg3,5.0,0.1548288101187045,0.006873300678582422,,,0.08248087634264924,0.1580706922815634,,,0.5409907763773403,0.008970278205045742,0.5475861562990132,0.005034582047845149,0.48959591937636826,0.10221657109386502,0.47830161254391235,0.11851174570400719
slow_deg3_5,valence,classification,logistic_regression,kfold,slow_deg3,5.0,0.1538257610811554,0.001891089192527404,,,0.151769296235809,0.03259136718320922,,,0.5437712745692432,0.0011555882397036414,0.5446736451283594,0.001172078318377732,0.5432082568536178,0.018015792577528247,0.5440816735801062,0.017848131386722338
slow_deg3_5,valence,classification,mlp_classifier,group_kfold,slow_deg3,5.0,0.5050287623197558,0.02579093596027801,,,0.07280231959858299,0.12025506939905392,,,0.6960372393535303,0.015343928534469382,0.6975747851974112,0.014152393948309257,0.5520747740023169,0.06255554160812336,0.5299207877349834,0.051460099303020944
slow_deg3_5,valence,classification,mlp_classifier,kfold,slow_deg3,5.0,0.49384741879621913,0.01642180830158743,,,0.3847461152048842,0.025212729030100807,,,0.6901937781445021,0.00937689672217035,0.6915659273114104,0.00855150831316282,0.6334124689714885,0.01918162777700846,0.6350035358812788,0.018840513274003278
slow_linear_10,arousal,classification,logistic_regression,group_kfold,slow_linear,10.0,0.41513181789781595,0.009314391863762223,,,0.41419555875715086,0.1408158470514221,,,0.6962964628649451,0.004464146074064496,0.6965079255298924,0.004524462988889534,0.6929793872948732,0.066522422294177,0.6772938013562249,0.07687715902109316
slow_linear_10,arousal,classification,logistic_regression,kfold,slow_linear,10.0,0.4144201901462607,0.0021187588705827948,,,0.41273538944523147,0.03479952559741071,,,0.6966588695954292,0.001105940309479082,0.6967657364507436,0.0010990509013220203,0.6954214746313352,0.01895712014990744,0.6955456339782359,0.01894970984735037
slow_linear_10,arousal,classification,mlp_classifier,group_kfold,slow_linear,10.0,0.9746461318159052,0.007364835076893015,,,0.21884031058406242,0.08772856957711068,,,0.9863338206217522,0.004658442643826919,0.9863353769931593,0.004656792666799451,0.6116620298633584,0.055455584452946224,0.5978903657742335,0.04956297948576958
slow_linear_10,arousal,classification,mlp_classifier,kfold,slow_linear,10.0,0.9682137736677442,0.006951910781467234,,,0.7807505330717597,0.01687550259800624,,,0.9820543444517781,0.004563672109796378,0.9820549359763265,0.0045634535334779115,0.8685048489616264,0.011546563690443679,0.8685899749849593,0.011495079752422742
slow_linear_10,valence,classification,logistic_regression,group_kfold,slow_linear,10.0,0.22748194698281463,0.00612799376455693,,,0.2072218157934988,0.11550327184559438,,,0.5939073739251861,0.0036251784389557434,0.5946629589380248,0.0038392050079669583,0.5847017363639901,0.05386446869126095,0.560736216461775,0.08094787189543799
slow_linear_10,valence,classification,logistic_regression,kfold,slow_linear,10.0,0.22642334218529317,0.0018314675312367447,,,0.22285235818632346,0.030617880101597248,,,0.595186750621308,0.001351776979272382,0.5952449517670275,0.0013586198097855168,0.5940870983169347,0.02227042742702974,0.5942101263417877,0.022218624286846775
slow_linear_10,valence,classification,mlp_classifier,group_kfold,slow_linear,10.0,0.9727199130633915,0.009020594094011545,,,0.06269661601259241,0.06067741773671589,,,0.985348366071665,0.006145182046099299,0.9853493078916122,0.00614379146988109,0.5426090053916295,0.037226727603591366,0.5221066279998184,0.03797011931023206
slow_linear_10,valence,classification,mlp_classifier,kfold,slow_linear,10.0,0.9726843536871316,0.009941137208673284,,,0.7577262347707547,0.020718968015541555,,,0.9850474625840016,0.007091551064066592,0.9850488124302189,0.007089240598691654,0.8570141233668456,0.012743838805140715,0.8571098656365114,0.012635970194537527
slow_linear_15,arousal,classification,logistic_regression,group_kfold,slow_linear,15.0,0.4288707792551064,0.008487182469867209,,,0.409951175936352,0.1288711093676031,,,0.6986313579499542,0.004587121265442822,0.69879048533504,0.004584951935290734,0.6892859140307639,0.05949438504166939,0.6737329091238781,0.06825281977341317
slow_linear_15,arousal,classification,logistic_regression,kfold,slow_linear,15.0,0.4278022532349039,0.0021371247368324243,,,0.42512017081008124,0.03503684111763817,,,0.6983017645954551,0.00115340717028632,0.6983819660601125,0.0011448876751513502,0.6963895447030386,0.020880632439153505,0.6964632743316128,0.020862626656957574
slow_linear_15,arousal,classification,mlp_classifier,group_kfold,slow_linear,15.0,0.9945664404613781,0.0032718006088190902,,,0.1963040752966623,0.0968317310203076,,,0.9978699143138599,0.002148205181516422,0.9978700256501194,0.002147818793425138,0.6047526592392005,0.05173990204003557,0.5881085713169004,0.04546611654624423
slow_linear_15,arousal,classification,mlp_classifier,kfold,slow_linear,15.0,0.9940510989720244,0.0033376193561413764,,,0.8273276837128312,0.013473613186046052,,,0.997753419754837,0.0020379341509112418,0.9977534746203658,0.0020377527953354085,0.8994199671542309,0.008262493877164441,0.8994337312519131,0.008265844398969975
slow_linear_15,valence,classification,logistic_regression,group_kfold,slow_linear,15.0,0.2621265413021461,0.007214487630492727,,,0.23140587782124042,0.12787324208658946,,,0.6033196367791237,0.0046440586789754205,0.6038702044276654,0.004833427533915369,0.5882357948142753,0.05238386872621486,0.5640799648799635,0.07536372107209553
slow_linear_15,valence,classification,logistic_regression,kfold,slow_linear,15.0,0.2607748052467918,0.0017050338110978821,,,0.2560500130569287,0.029178092175571022,,,0.6028217265326558,0.0012637361498320007,0.6028443763979092,0.0012607187791480623,0.6007354597780045,0.018026988578247676,0.600793515088186,0.018017968261600452
slow_linear_15,valence,classification,mlp_classifier,group_kfold,slow_linear,15.0,0.9946709831177009,0.0040945078452472704,,,0.08591592368327697,0.07007644806629301,,,0.9979555571572707,0.002767577372262408,0.9979555679676869,0.0027674917742270553,0.5564189947380405,0.04782960361008019,0.5367198358700508,0.04397629192279933
slow_linear_15,valence,classification,mlp_classifier,kfold,slow_linear,15.0,0.9956351521731067,0.00193959853921009,,,0.8094577176644241,0.017556288039495434,,,0.9984467960693928,0.0011294568466991947,0.9984468012079982,0.0011294430556534974,0.8912593769388256,0.010597056363775465,0.891321153013943,0.010597119309047404
slow_linear_20,arousal,classification,logistic_regression,group_kfold,slow_linear,20.0,0.43654008701613645,0.008533599110989446,,,0.41231482525723956,0.12436583018325444,,,0.6999276148966652,0.004023745299311489,0.7000380973595732,0.004047165199822136,0.6884752878720825,0.05816913569404972,0.6727980752414118,0.06649401661288919
slow_linear_20,arousal,classification,logistic_regression,kfold,slow_linear,20.0,0.4353867064449959,0.0020611802120266524,,,0.4320024503487872,0.03390662114287714,,,0.6991960430360421,0.0012287401848497163,0.6992193395835109,0.001222971989666114,0.6981277017550344,0.019485957776459582,0.6981468815638094,0.019446375695784505
slow_linear_20,arousal,classification,mlp_classifier,group_kfold,slow_linear,20.0,0.9967938106735663,0.0016551557140926738,,,0.22733507805772657,0.10282066432484976,,,0.9989104158152112,0.0007948110114724846,0.9989104104264022,0.0007948204218611568,0.6296235775136602,0.0476181244672437,0.6158352355261676,0.04826271090353891
slow_linear_20,arousal,classification,mlp_classifier,kfold,slow_linear,20.0,0.9963288659338936,0.001737096239557148,,,0.837085489825255,0.018559229137806516,,,0.9987349188655378,0.0007358859935348674,0.9987349209807568,0.0007358823435543949,0.9039371593000752,0.011243458575146935,0.9039505821010524,0.011235451109215686
slow_linear_20,valence,classification,logistic_regression,group_kfold,slow_linear,20.0,0.2802730503670307,0.006699556699784225,,,0.2417587721673647,0.11456414280976811,,,0.6137824637936672,0.003409347099364732,0.6142290448189595,0.0036732229584222134,0.5984775795155757,0.049035891098082866,0.5744195665694609,0.0674495405769226
slow_linear_20,valence,classification,logistic_regression,kfold,slow_linear,20.0,0.2787361740121887,0.001720625028200723,,,0.2732154782774364,0.02902261646606912,,,0.6130503010305269,0.0011337959291209004,0.6130549868594688,0.0011320337247075428,0.6106582294080197,0.013914882632644832,0.610668334336046,0.01390885626626749
slow_linear_20,valence,classification,mlp_classifier,group_kfold,slow_linear,20.0,0.9970367345640165,0.0016012470988528657,,,0.0910044104776607,0.06795032468715557,,,0.9989689487419293,0.000942471454481576,0.9989689494823355,0.0009424719132893408,0.5716542281649793,0.06345747147061179,0.5527651294078759,0.04583193642685463
slow_linear_20,valence,classification,mlp_classifier,kfold,slow_linear,20.0,0.9973962333421346,0.0021343231132604046,,,0.8427189697348734,0.018514521371947767,,,0.9991085933439349,0.0010915858811753104,0.9991085939642438,0.0010915840850807784,0.909373416380011,0.010485889405812882,0.9093822234888065,0.010483916676272353
slow_linear_25,arousal,classification,logistic_regression,group_kfold,slow_linear,25.0,0.4471624536751703,0.007868774991565197,,,0.41708552438856444,0.11328666897543829,,,0.7055092305468369,0.0038836126338671257,0.7056113340506849,0.003912700053376385,0.6893074410043396,0.052702962698528366,0.6734899571795164,0.06242361394690281
slow_linear_25,arousal,classification,logistic_regression,kfold,slow_linear,25.0,0.4459147821423376,0.002074401143924572,,,0.4420182472229614,0.03364937966961789,,,0.7047131203085636,0.001267632316656768,0.7047208246868838,0.0012644109953224086,0.7023437208475426,0.01980120059235341,0.7023565857108177,0.019789434598361827
slow_linear_25,arousal,classification,mlp_classifier,group_kfold,slow_linear,25.0,0.9965626965738428,0.0019404369923456577,,,0.22048007016578505,0.10018938767172215,,,0.9985052667487907,0.001222855277438832,0.9985052982301293,0.0012227316346175685,0.6281887307669684,0.05103254909317043,0.6154177155368652,0.05097777929200054
slow_linear_25,arousal,classification,mlp_classifier,kfold,slow_linear,25.0,0.9968778576860449,0.0021540683221906278,,,0.8616033772655214,0.016382373345662997,,,0.9985278204303967,0.0014335230167435487,0.9985278275409656,0.0014335080378743755,0.9179539126234373,0.009459829880477994,0.9179543607443293,0.009464142794801343
slow_linear_25,valence,classification,logistic_regression,group_kfold,slow_linear,25.0,0.28749482648125885,0.006988041615935775,,,0.2387847639800247,0.11645861413790214,,,0.6138004090684178,0.003725597326349992,0.6142015645315483,0.003984356842707992,0.5970729560758321,0.04999243374878954,0.5726894902388423,0.06837220830471911
slow_linear_25,valence,classification,logistic_regression,kfold,slow_linear,25.0,0.28576152677181965,0.0020145970893628742,,,0.27909230182100436,0.033650960083653064,,,0.6127369268378126,0.0009992998671455356,0.6127398444464259,0.0009977667247686364,0.6109654489305794,0.012835452082485826,0.6109759032329565,0.012809590600309633
slow_linear_25,valence,classification,mlp_classifier,group_kfold,slow_linear,25.0,0.9975224052893675,0.0013231336997513617,,,0.06781689366624363,0.08463320050608618,,,0.9989644401617865,0.0007132663325265018,0.9989644570292344,0.0007132352205915533,0.560140940691722,0.07151862830951933,0.5402993303731694,0.05872149977040578
slow_linear_25,valence,classification,mlp_classifier,kfold,slow_linear,25.0,0.9977213109966743,0.0013468192385220348,,,0.8611112411770576,0.020496383337857086,,,0.9991040897815614,0.0007821841455974421,0.9991040900692612,0.0007821839453379493,0.918101205849339,0.012408314516831496,0.9181080396440898,0.012407356748505195
slow_linear_30,arousal,classification,logistic_regression,group_kfold,slow_linear,30.0,0.44857235764206205,0.007956491320239529,,,0.4136776255373607,0.11304862882471424,,,0.7051170378554963,0.004593873760352987,0.7052194278009828,0.0046160315761721365,0.6840329283916756,0.05165985337268453,0.6679580852493954,0.061680488643062456
slow_linear_30,arousal,classification,logistic_regression,kfold,slow_linear,30.0,0.4472117847314592,0.0021155342425044983,,,0.44272424950126055,0.03450934916583694,,,0.7043158367423006,0.0012503263632490111,0.704333653151465,0.0012464438498410186,0.702939913713835,0.022239096110387678,0.7029694014333513,0.022243227176802972
slow_linear_30,arousal,classification,mlp_classifier,group_kfold,slow_linear,30.0,0.9971442500325721,0.0016527984669824948,,,0.2563714930718119,0.11923227545480285,,,0.9987126351443492,0.0009901525696213382,0.9987126319592754,0.0009901650479180947,0.6393249579442404,0.052455581561680044,0.6266851214149294,0.056437573178062576
slow_linear_30,arousal,classification,mlp_classifier,kfold,slow_linear,30.0,0.9966126782830371,0.0024815694047415674,,,0.8714452582227742,0.014761871193053966,,,0.9985323407391244,0.001469597062860597,0.9985323438393523,0.0014695873855366326,0.9230737415064942,0.009480185280341275,0.9230830773777482,0.009477091788130646
slow_linear_30,valence,classification,logistic_regression,group_kfold,slow_linear,30.0,0.2929807720110685,0.0071754338661617146,,,0.2359823091481512,0.11770209023138405,,,0.6157635025411837,0.003818771529794166,0.6161961682353687,0.004072823085561173,0.595775112451246,0.048549897166046706,0.5713973657368873,0.06733812026259516
slow_linear_30,valence,classification,logistic_regression,kfold,slow_linear,30.0,0.2910252624489988,0.002018912542432871,,,0.28338618336423577,0.03390360693209081,,,0.6147535072189063,0.0009909218656053158,0.6147702576521233,0.0009867353515468776,0.6105370331459525,0.014832286086560089,0.61059223372703,0.014808782441296721
slow_linear_30,valence,classification,mlp_classifier,group_kfold,slow_linear,30.0,0.9980906866231067,0.0011908832617150567,,,0.09292267510677099,0.08926697018763646,,,0.9991130184255373,0.0006969982397275531,0.9991130210089665,0.0006969925768033042,0.563356223118112,0.06964308015239568,0.5422218889095974,0.056762312820905714
slow_linear_30,valence,classification,mlp_classifier,kfold,slow_linear,30.0,0.9984178743935471,0.0009498762030404464,,,0.8666388122930567,0.02259832176792783,,,0.9993787160623305,0.0006058301032484405,0.9993787171269841,0.0006058265811210778,0.9190187804716818,0.014826190180403674,0.9190249411566024,0.014841420248512214
slow_linear_5,arousal,classification,logistic_regression,group_kfold,slow_linear,5.0,0.39317844499328675,0.009157959869112827,,,0.4010243253931462,0.1434333411762472,,,0.6888046633159361,0.004154130984487276,0.6889995700509793,0.004207823601511779,0.6875720011725367,0.06553180641500667,0.671951111740789,0.07280313000313167
slow_linear_5,arousal,classification,logistic_regression,kfold,slow_linear,5.0,0.3927662493186877,0.002093855853840863,,,0.3921866331823424,0.0341146138528093,,,0.6891028446249644,0.001230052773376131,0.6891483049952755,0.0012206937533257229,0.6882981830580676,0.02432155891102175,0.6883512238371172,0.024330481829784697
slow_linear_5,arousal,classification,mlp_classifier,group_kfold,slow_linear,5.0,0.74526385283697,0.014768257742169513,,,0.24028135160210087,0.10119612006790327,,,0.8396090252078812,0.008876012037717885,0.8397230513352734,0.008904079918946957,0.626687317755794,0.0642358561318871,0.6191886150194543,0.062361274832367274
slow_linear_5,arousal,classification,mlp_classifier,kfold,slow_linear,5.0,0.7382953759619385,0.016922333271652972,,,0.6029898267158356,0.026462280382352002,,,0.8354872691447861,0.01134112690380261,0.83564877239203,0.011193540398587543,0.7632525480270931,0.017115235935898577,0.7635842225810878,0.016786063184925055
slow_linear_5,valence,classification,logistic_regression,group_kfold,slow_linear,5.0,0.20797069280306854,0.005812113856941872,,,0.19963753602633036,0.11211146061241371,,,0.5902838540130193,0.004595098258321202,0.5911170322027579,0.004227558688172555,0.5804094990253286,0.0532658118667472,0.5565553516757045,0.07636487134438301
slow_linear_5,valence,classification,logistic_regression,kfold,slow_linear,5.0,0.20722509603727549,0.0018880321860545465,,,0.20560720141034863,0.031529470635994365,,,0.5908619275682097,0.0010225344951677537,0.5908734795414529,0.001025306127221884,0.5898463174330363,0.015882410243159374,0.5899246382318483,0.015880841267748764
slow_linear_5,valence,classification,mlp_classifier,group_kfold,slow_linear,5.0,0.6937613665848905,0.016705563991928622,,,0.038849336304214915,0.06665472681966911,,,0.8063923998783428,0.010835505418840728,0.806804762408327,0.010503849545473275,0.5224218692776774,0.04445103497041121,0.5003584185327296,0.05132418810188064
slow_linear_5,valence,classification,mlp_classifier,kfold,slow_linear,5.0,0.6827929216219819,0.011638718960058265,,,0.5165384307100889,0.028196067162634807,,,0.8009612119783207,0.007046572848273249,0.801316370744058,0.00713311477004383,0.7115569690240573,0.01977332080230241,0.712230032825644,0.019236529893641836
